商品ID,202511月销量,source_file
MLC2344082814,6,_商品列表 (1).xlsx
MLC1468688935,1,_商品列表 (1).xlsx
MLC2931796436,1,_商品列表 (1).xlsx
MLC1694520725,1,_商品列表 (1).xlsx
MLC2930124382,0,_商品列表 (1).xlsx
MLC1683474731,0,_商品列表 (1).xlsx
MLC3309037876,1,_商品列表 (1).xlsx
MLC2088731124,0,_商品列表 (1).xlsx
MLC1397830227,4,_商品列表 (1).xlsx
MLC1655485527,4,_商品列表 (1).xlsx
MLC2862060078,2,_商品列表 (1).xlsx
MLC2856179888,0,_商品列表 (1).xlsx
MLC2856023700,0,_商品列表 (1).xlsx
MLC1400089577,0,_商品列表 (1).xlsx
MLC1611542627,8,_商品列表 (1).xlsx
MLC1505674907,4,_商品列表 (1).xlsx
MLC3196037664,0,_商品列表 (1).xlsx
MLC1737057060,0,_商品列表 (1).xlsx
MLC1248903794,0,_商品列表 (1).xlsx
MLC1477323023,0,_商品列表 (1).xlsx
MLC1524441684,0,_商品列表 (1).xlsx
MLC2954818006,0,_商品列表 (1).xlsx
MLC2994270190,0,_商品列表 (1).xlsx
MLC2898627824,0,_商品列表 (1).xlsx
MLC1628868307,0,_商品列表 (1).xlsx
MLC1675283676,0,_商品列表 (1).xlsx
MLC2273189460,0,_商品列表 (1).xlsx
MLC2796482418,0,_商品列表 (1).xlsx
MLC1579064437,0,_商品列表 (1).xlsx
MLC1688557399,3,_商品列表 (1).xlsx
MLC3152880748,2,_商品列表 (1).xlsx
MLC2498004206,1,_商品列表 (1).xlsx
MLC1266744725,0,_商品列表 (1).xlsx
MLC1402423524,0,_商品列表 (1).xlsx
MLC2878899716,8,_商品列表 (1).xlsx
MLC2964521280,0,_商品列表 (1).xlsx
MLC1689376455,5,_商品列表 (1).xlsx
MLC1629800757,0,_商品列表 (1).xlsx
MLC2902782262,5,_商品列表 (1).xlsx
MLC2936081054,0,_商品列表 (1).xlsx
MLC3043372246,0,_商品列表 (1).xlsx
MLC1694540421,2,_商品列表 (1).xlsx
MLC3200110812,7,_商品列表 (1).xlsx
MLC3199913710,10,_商品列表 (1).xlsx
MLC2931838160,2,_商品列表 (1).xlsx
MLC2931371046,0,_商品列表 (1).xlsx
MLC2873458172,0,_商品列表 (1).xlsx
MLC1712492237,0,_商品列表 (1).xlsx
MLC1312985386,0,_商品列表 (1).xlsx
MLC2732859666,4,_商品列表 (1).xlsx
MLC3345393776,0,_商品列表 (1).xlsx
MLC1289192655,0,_商品列表 (1).xlsx
MLC1650569121,0,_商品列表 (1).xlsx
MLC2964198370,0,_商品列表 (1).xlsx
MLC1255429670,0,_商品列表 (1).xlsx
MLC2883219112,0,_商品列表 (1).xlsx
MLC2671569422,0,_商品列表 (1).xlsx
MLC1390098037,0,_商品列表 (1).xlsx
MLC1543880059,0,_商品列表 (1).xlsx
MLC2631547678,0,_商品列表 (1).xlsx
MLC1544236389,0,_商品列表 (1).xlsx
MLC1786269264,0,_商品列表 (1).xlsx
MLC1628818433,0,_商品列表 (1).xlsx
MLC1477486673,0,_商品列表 (1).xlsx
MLC2273537842,0,_商品列表 (1).xlsx
MLC1472097715,0,_商品列表 (1).xlsx
MLC1655446853,0,_商品列表 (1).xlsx
MLC1496099171,0,_商品列表 (1).xlsx
MLC3330178242,2,_商品列表 (1).xlsx
MLC1601205587,0,_商品列表 (1).xlsx
MLC1676553603,0,_商品列表 (1).xlsx
MLC1408693241,1,_商品列表 (1).xlsx
MLC1432503279,0,_商品列表 (1).xlsx
MLC2904820484,2,_商品列表 (1).xlsx
MLC1630930443,0,_商品列表 (1).xlsx
MLC3198449838,0,_商品列表 (1).xlsx
MLC2936262954,2,_商品列表 (1).xlsx
MLC1687803767,3,_商品列表 (1).xlsx
MLC1586709431,21,_商品列表 (1).xlsx
MLC1457659327,0,_商品列表 (1).xlsx
MLC2855997664,0,_商品列表 (1).xlsx
MLC3306821364,2,_商品列表 (1).xlsx
MLC1583683095,0,_商品列表 (1).xlsx
MLC2997845782,0,_商品列表 (1).xlsx
MLC2756637538,2,_商品列表 (1).xlsx
MLC2874931614,0,_商品列表 (1).xlsx
MLC3090075948,0,_商品列表 (1).xlsx
MLC2903556040,0,_商品列表 (1).xlsx
MLC1268436635,0,_商品列表 (1).xlsx
MLC2013870422,0,_商品列表 (1).xlsx
MLC1505713683,0,_商品列表 (1).xlsx
MLC1579139299,0,_商品列表 (1).xlsx
MLC1393605967,0,_商品列表 (1).xlsx
MLC1482029655,0,_商品列表 (1).xlsx
MLC1610019693,0,_商品列表 (1).xlsx
MLC1605278451,0,_商品列表 (1).xlsx
MLC3042128624,0,_商品列表 (1).xlsx
MLC638295488,0,_商品列表 (1).xlsx
MLC1521507379,0,_商品列表 (1).xlsx
MLC1645728117,1,_商品列表 (1).xlsx
MLC2885874734,0,_商品列表 (1).xlsx
MLC1825940452,0,_商品列表 (1).xlsx
MLC2496470090,0,_商品列表 (1).xlsx
MLC2928824800,0,_商品列表 (1).xlsx
MLC1469357345,0,_商品列表 (1).xlsx
MLC1446891297,0,_商品列表 (1).xlsx
MLC2978380890,0,_商品列表 (1).xlsx
MLC2978903806,0,_商品列表 (1).xlsx
MLC1602933279,0,_商品列表 (1).xlsx
MLC1627612529,0,_商品列表 (1).xlsx
MLC1628878905,0,_商品列表 (1).xlsx
MLC1825940454,0,_商品列表 (1).xlsx
MLC2892441866,0,_商品列表 (1).xlsx
MLC2906453670,0,_商品列表 (1).xlsx
MLC1582598947,0,_商品列表 (1).xlsx
MLC1678391103,0,_商品列表 (1).xlsx
MLC1889117882,0,_商品列表 (1).xlsx
MLC1028387250,0,_商品列表 (1).xlsx
MLC3044365802,3,_商品列表 (1).xlsx
MLC2873366044,1,_商品列表 (1).xlsx
MLC1710971399,0,_商品列表 (1).xlsx
MLC1698969265,0,_商品列表 (1).xlsx
MLC1540541440,1,_商品列表 (1).xlsx
MLC1411308367,1,_商品列表 (1).xlsx
MLC2862692032,1,_商品列表 (1).xlsx
MLC1694429169,1,_商品列表 (1).xlsx
MLC1411705141,0,_商品列表 (1).xlsx
MLC1287420472,0,_商品列表 (1).xlsx
MLC2891158732,0,_商品列表 (1).xlsx
MLC2890534730,0,_商品列表 (1).xlsx
MLC1615212661,1,_商品列表 (1).xlsx
MLC3374244390,0,_商品列表 (1).xlsx
MLC3135624520,0,_商品列表 (1).xlsx
MLC1694637621,1,_商品列表 (1).xlsx
MLC2858451926,1,_商品列表 (1).xlsx
MLC2048537984,0,_商品列表 (1).xlsx
MLC1703324049,6,_商品列表 (1).xlsx
MLC3333034654,1,_商品列表 (1).xlsx
MLC1472487397,3,_商品列表 (1).xlsx
MLC2772967768,0,_商品列表 (1).xlsx
MLC2911744942,0,_商品列表 (1).xlsx
MLC1655415411,0,_商品列表 (1).xlsx
MLC1630275705,3,_商品列表 (1).xlsx
MLC2898628014,0,_商品列表 (1).xlsx
MLC2117066792,0,_商品列表 (1).xlsx
MLC1584689947,0,_商品列表 (1).xlsx
MLC1695615137,2,_商品列表 (1).xlsx
MLC2740213940,0,_商品列表 (1).xlsx
MLC1586759985,5,_商品列表 (1).xlsx
MLC1611361863,6,_商品列表 (1).xlsx
MLC1694443869,1,_商品列表 (1).xlsx
MLC1533711597,7,_商品列表 (1).xlsx
MLC2457717312,0,_商品列表 (1).xlsx
MLC1587689803,1,_商品列表 (1).xlsx
MLC1362210786,1,_商品列表 (1).xlsx
MLC1612798099,0,_商品列表 (1).xlsx
MLC1409073803,0,_商品列表 (1).xlsx
MLC1242692729,0,_商品列表 (1).xlsx
MLC2161506686,0,_商品列表 (1).xlsx
MLC1359072957,0,_商品列表 (1).xlsx
MLC1393568329,0,_商品列表 (1).xlsx
MLC2906339964,0,_商品列表 (1).xlsx
MLC2903422224,0,_商品列表 (1).xlsx
MLC1628843653,0,_商品列表 (1).xlsx
MLC2369344388,0,_商品列表 (1).xlsx
MLC1408657363,0,_商品列表 (1).xlsx
MLC2935322272,0,_商品列表 (1).xlsx
MLC1964886634,0,_商品列表 (1).xlsx
MLC1589425511,0,_商品列表 (1).xlsx
MLC1341970311,0,_商品列表 (1).xlsx
MLC1345950617,0,_商品列表 (1).xlsx
MLC1062089115,0,_商品列表 (1).xlsx
MLC1409064689,0,_商品列表 (1).xlsx
MLC2873405998,0,_商品列表 (1).xlsx
MLC2764994526,0,_商品列表 (1).xlsx
MLC1491172655,0,_商品列表 (1).xlsx
MLC3044287810,0,_商品列表 (1).xlsx
MLC2855460212,0,_商品列表 (1).xlsx
MLC2856010742,0,_商品列表 (1).xlsx
MLC502075980,0,_商品列表 (1).xlsx
MLC1393554571,0,_商品列表 (1).xlsx
MLC1391313075,0,_商品列表 (1).xlsx
MLC1583981827,0,_商品列表 (1).xlsx
MLC1038271590,0,_商品列表 (1).xlsx
MLC2076737814,0,_商品列表 (1).xlsx
MLC2448769706,0,_商品列表 (1).xlsx
MLC2781216798,0,_商品列表 (1).xlsx
MLC1716905627,3,_商品列表 (1).xlsx
MLC2498072876,1,_商品列表 (1).xlsx
MLC1578422633,0,_商品列表 (1).xlsx
MLC3071932742,0,_商品列表 (1).xlsx
MLC1481783023,0,_商品列表 (1).xlsx
MLC912445944,0,_商品列表 (1).xlsx
MLC2831465360,1,_商品列表 (1).xlsx
MLC2671499644,0,_商品列表 (1).xlsx
MLC1611348047,0,_商品列表 (1).xlsx
MLC1483748785,0,_商品列表 (1).xlsx
MLC1590090961,1,_商品列表 (1).xlsx
MLC3188666678,3,_商品列表 (1).xlsx
MLC2895899048,0,_商品列表 (1).xlsx
MLC2601579386,1185,_商品列表 (10).xlsx
MLC2546451366,277,_商品列表 (10).xlsx
MLC1433013433,127,_商品列表 (10).xlsx
MLC2302637514,101,_商品列表 (10).xlsx
MLC2032224002,62,_商品列表 (10).xlsx
MLC1670766135,6,_商品列表 (10).xlsx
MLC3247946806,35,_商品列表 (10).xlsx
MLC2910845580,17,_商品列表 (10).xlsx
MLC1918357136,22,_商品列表 (10).xlsx
MLC1620360865,14,_商品列表 (10).xlsx
MLC2733616016,33,_商品列表 (10).xlsx
MLC1324835726,15,_商品列表 (10).xlsx
MLC1584319861,0,_商品列表 (10).xlsx
MLC2688634364,0,_商品列表 (10).xlsx
MLC1918110122,1,_商品列表 (10).xlsx
MLC1749227320,0,_商品列表 (10).xlsx
MLC2794534448,0,_商品列表 (10).xlsx
MLC1872768340,43,_商品列表 (10).xlsx
MLC1525393024,0,_商品列表 (10).xlsx
MLC1784497645,0,_商品列表 (10).xlsx
MLC1461665925,0,_商品列表 (10).xlsx
MLC1436271117,0,_商品列表 (10).xlsx
MLC2737641680,0,_商品列表 (10).xlsx
MLC2084511792,0,_商品列表 (10).xlsx
MLC2017337546,0,_商品列表 (10).xlsx
MLC1529592797,0,_商品列表 (10).xlsx
MLC1529553097,0,_商品列表 (10).xlsx
MLC2737903848,0,_商品列表 (10).xlsx
MLC1427048451,0,_商品列表 (10).xlsx
MLC1768584108,0,_商品列表 (10).xlsx
MLC1239011416,0,_商品列表 (10).xlsx
MLC2737865218,0,_商品列表 (10).xlsx
MLC1760087550,0,_商品列表 (10).xlsx
MLC2618738580,0,_商品列表 (10).xlsx
MLC1433000269,0,_商品列表 (10).xlsx
MLC2554618152,0,_商品列表 (10).xlsx
MLC2831517814,0,_商品列表 (10).xlsx
MLC1524964040,0,_商品列表 (10).xlsx
MLC1526197335,0,_商品列表 (10).xlsx
MLC1397678299,0,_商品列表 (10).xlsx
MLC1198898580,0,_商品列表 (10).xlsx
MLC1873078520,0,_商品列表 (10).xlsx
MLC2420639564,0,_商品列表 (10).xlsx
MLC2491439128,0,_商品列表 (10).xlsx
MLC1569328547,0,_商品列表 (10).xlsx
MLC1396778561,0,_商品列表 (10).xlsx
MLC1760087530,0,_商品列表 (10).xlsx
MLC1767636236,0,_商品列表 (10).xlsx
MLC1749020146,0,_商品列表 (10).xlsx
MLC1397873165,0,_商品列表 (10).xlsx
MLC2488136414,0,_商品列表 (10).xlsx
MLC1526236019,0,_商品列表 (10).xlsx
MLC1526209901,0,_商品列表 (10).xlsx
MLC1324609195,0,_商品列表 (10).xlsx
MLC1239016928,0,_商品列表 (10).xlsx
MLC1619435943,3,_商品列表 (2).xlsx
MLC2856037072,0,_商品列表 (2).xlsx
MLC2954856996,1,_商品列表 (2).xlsx
MLC1540551852,4,_商品列表 (2).xlsx
MLC1612915339,3,_商品列表 (2).xlsx
MLC1517014679,1,_商品列表 (2).xlsx
MLC1688425775,2,_商品列表 (2).xlsx
MLC1706159037,5,_商品列表 (2).xlsx
MLC1533042893,13,_商品列表 (2).xlsx
MLC1492910241,0,_商品列表 (2).xlsx
MLC2725185980,0,_商品列表 (2).xlsx
MLC2891027786,0,_商品列表 (2).xlsx
MLC2873588120,0,_商品列表 (2).xlsx
MLC3152918930,1,_商品列表 (2).xlsx
MLC969357893,1,_商品列表 (2).xlsx
MLC3133583980,1,_商品列表 (2).xlsx
MLC3198410898,1,_商品列表 (2).xlsx
MLC3000159342,0,_商品列表 (2).xlsx
MLC1544453401,3,_商品列表 (2).xlsx
MLC2914784260,0,_商品列表 (2).xlsx
MLC1715467225,9,_商品列表 (2).xlsx
MLC2856127988,17,_商品列表 (2).xlsx
MLC2689640736,1,_商品列表 (2).xlsx
MLC1629790491,0,_商品列表 (2).xlsx
MLC2862603576,0,_商品列表 (2).xlsx
MLC2837802534,0,_商品列表 (2).xlsx
MLC1394269091,0,_商品列表 (2).xlsx
MLC1374078003,0,_商品列表 (2).xlsx
MLC1378645280,0,_商品列表 (2).xlsx
MLC1557198090,0,_商品列表 (2).xlsx
MLC2928938250,0,_商品列表 (2).xlsx
MLC1472798113,0,_商品列表 (2).xlsx
MLC2749396036,0,_商品列表 (2).xlsx
MLC1489744531,0,_商品列表 (2).xlsx
MLC2879447588,0,_商品列表 (2).xlsx
MLC1563503993,0,_商品列表 (2).xlsx
MLC2850990680,0,_商品列表 (2).xlsx
MLC2938087796,0,_商品列表 (2).xlsx
MLC2931969258,0,_商品列表 (2).xlsx
MLC2747961242,0,_商品列表 (2).xlsx
MLC1332042676,0,_商品列表 (2).xlsx
MLC2048550886,0,_商品列表 (2).xlsx
MLC1409012853,0,_商品列表 (2).xlsx
MLC2845082478,0,_商品列表 (2).xlsx
MLC1628818429,0,_商品列表 (2).xlsx
MLC1628945371,0,_商品列表 (2).xlsx
MLC1710245128,0,_商品列表 (2).xlsx
MLC1269951786,0,_商品列表 (2).xlsx
MLC1610959711,0,_商品列表 (2).xlsx
MLC2038460054,0,_商品列表 (2).xlsx
MLC1396704689,0,_商品列表 (2).xlsx
MLC2837395180,0,_商品列表 (2).xlsx
MLC2860872064,0,_商品列表 (2).xlsx
MLC1689060843,0,_商品列表 (2).xlsx
MLC2873366040,0,_商品列表 (2).xlsx
MLC2954787604,1,_商品列表 (2).xlsx
MLC1659603658,0,_商品列表 (2).xlsx
MLC1694532855,0,_商品列表 (2).xlsx
MLC1393599785,0,_商品列表 (2).xlsx
MLC1896718846,0,_商品列表 (2).xlsx
MLC1866224294,0,_商品列表 (2).xlsx
MLC2891090238,1,_商品列表 (2).xlsx
MLC3193567604,1,_商品列表 (2).xlsx
MLC2845060036,1,_商品列表 (2).xlsx
MLC3188756526,2,_商品列表 (2).xlsx
MLC1704746785,0,_商品列表 (2).xlsx
MLC2167277060,0,_商品列表 (2).xlsx
MLC1344004105,0,_商品列表 (2).xlsx
MLC2389809684,0,_商品列表 (2).xlsx
MLC2906262290,19,_商品列表 (2).xlsx
MLC3134884210,0,_商品列表 (2).xlsx
MLC3152224214,1,_商品列表 (2).xlsx
MLC1615133681,0,_商品列表 (2).xlsx
MLC2813194428,1,_商品列表 (2).xlsx
MLC3042149296,2,_商品列表 (2).xlsx
MLC3208555172,4,_商品列表 (2).xlsx
MLC1612860095,0,_商品列表 (2).xlsx
MLC3135767040,9,_商品列表 (2).xlsx
MLC3196011810,2,_商品列表 (2).xlsx
MLC1579126877,0,_商品列表 (2).xlsx
MLC3177906392,0,_商品列表 (2).xlsx
MLC3156572850,4,_商品列表 (2).xlsx
MLC1582552691,1,_商品列表 (2).xlsx
MLC1533119607,0,_商品列表 (2).xlsx
MLC3152776508,0,_商品列表 (2).xlsx
MLC2891128272,2,_商品列表 (2).xlsx
MLC2348078544,1,_商品列表 (2).xlsx
MLC3114559516,0,_商品列表 (2).xlsx
MLC3152224124,1,_商品列表 (2).xlsx
MLC3156664348,2,_商品列表 (2).xlsx
MLC1406284253,4,_商品列表 (2).xlsx
MLC1735157501,2,_商品列表 (2).xlsx
MLC1410247719,2,_商品列表 (2).xlsx
MLC969172942,0,_商品列表 (2).xlsx
MLC1611387183,1,_商品列表 (2).xlsx
MLC1590604971,1,_商品列表 (2).xlsx
MLC1561201081,0,_商品列表 (2).xlsx
MLC1471360469,0,_商品列表 (2).xlsx
MLC1656140167,2,_商品列表 (2).xlsx
MLC2911140508,0,_商品列表 (2).xlsx
MLC1758340511,8,_商品列表 (2).xlsx
MLC3330730012,2,_商品列表 (2).xlsx
MLC2130059314,0,_商品列表 (2).xlsx
MLC1043147847,0,_商品列表 (2).xlsx
MLC2090398126,0,_商品列表 (2).xlsx
MLC1478427453,0,_商品列表 (2).xlsx
MLC2075747494,0,_商品列表 (2).xlsx
MLC2076714048,0,_商品列表 (2).xlsx
MLC2814865802,0,_商品列表 (2).xlsx
MLC1508678107,0,_商品列表 (2).xlsx
MLC1490262193,0,_商品列表 (2).xlsx
MLC1539617254,0,_商品列表 (2).xlsx
MLC1436510367,0,_商品列表 (2).xlsx
MLC1095863829,0,_商品列表 (2).xlsx
MLC1102777147,0,_商品列表 (2).xlsx
MLC1376309495,0,_商品列表 (2).xlsx
MLC2012230822,0,_商品列表 (2).xlsx
MLC1451175815,0,_商品列表 (2).xlsx
MLC1008903265,0,_商品列表 (2).xlsx
MLC934730717,0,_商品列表 (2).xlsx
MLC1298473972,0,_商品列表 (2).xlsx
MLC1424643824,0,_商品列表 (2).xlsx
MLC2434796344,0,_商品列表 (2).xlsx
MLC2434847926,0,_商品列表 (2).xlsx
MLC591335507,0,_商品列表 (2).xlsx
MLC2415065938,0,_商品列表 (2).xlsx
MLC1476591187,0,_商品列表 (2).xlsx
MLC1476591537,0,_商品列表 (2).xlsx
MLC2022580270,0,_商品列表 (2).xlsx
MLC2859682078,0,_商品列表 (2).xlsx
MLC2859617606,0,_商品列表 (2).xlsx
MLC2859604786,0,_商品列表 (2).xlsx
MLC2859773238,0,_商品列表 (2).xlsx
MLC2859759922,0,_商品列表 (2).xlsx
MLC2859785876,0,_商品列表 (2).xlsx
MLC2859785920,0,_商品列表 (2).xlsx
MLC954231739,0,_商品列表 (2).xlsx
MLC1491146835,0,_商品列表 (2).xlsx
MLC1536415649,0,_商品列表 (2).xlsx
MLC1536637198,0,_商品列表 (2).xlsx
MLC1430784805,0,_商品列表 (2).xlsx
MLC1798596414,0,_商品列表 (2).xlsx
MLC1013526842,0,_商品列表 (2).xlsx
MLC1013527078,0,_商品列表 (2).xlsx
MLC1391880715,0,_商品列表 (2).xlsx
MLC1438464551,0,_商品列表 (2).xlsx
MLC1673342474,0,_商品列表 (2).xlsx
MLC2434490496,0,_商品列表 (2).xlsx
MLC2436728444,0,_商品列表 (2).xlsx
MLC2017951014,0,_商品列表 (2).xlsx
MLC2017379014,0,_商品列表 (2).xlsx
MLC2689653400,0,_商品列表 (2).xlsx
MLC1856468040,0,_商品列表 (2).xlsx
MLC2728885556,0,_商品列表 (2).xlsx
MLC1374643509,0,_商品列表 (2).xlsx
MLC1374747379,0,_商品列表 (2).xlsx
MLC1374695039,0,_商品列表 (2).xlsx
MLC1488496281,0,_商品列表 (2).xlsx
MLC1527748200,0,_商品列表 (2).xlsx
MLC1726434080,0,_商品列表 (2).xlsx
MLC2348091984,0,_商品列表 (2).xlsx
MLC1727860996,0,_商品列表 (2).xlsx
MLC1484951587,0,_商品列表 (2).xlsx
MLC1727883924,0,_商品列表 (2).xlsx
MLC2500811640,0,_商品列表 (2).xlsx
MLC1487936885,0,_商品列表 (2).xlsx
MLC1446827227,0,_商品列表 (2).xlsx
MLC1114819219,0,_商品列表 (2).xlsx
MLC1488046983,0,_商品列表 (2).xlsx
MLC2796481826,0,_商品列表 (2).xlsx
MLC2800868198,0,_商品列表 (2).xlsx
MLC1494500721,0,_商品列表 (2).xlsx
MLC1494539433,0,_商品列表 (2).xlsx
MLC1407972463,0,_商品列表 (2).xlsx
MLC2134217464,0,_商品列表 (2).xlsx
MLC1292037556,0,_商品列表 (2).xlsx
MLC2135827776,0,_商品列表 (2).xlsx
MLC2873535072,0,_商品列表 (2).xlsx
MLC1581234601,0,_商品列表 (2).xlsx
MLC1089456844,0,_商品列表 (2).xlsx
MLC1085593527,0,_商品列表 (2).xlsx
MLC1643655130,0,_商品列表 (2).xlsx
MLC1489463697,0,_商品列表 (2).xlsx
MLC1062143349,0,_商品列表 (2).xlsx
MLC2613208746,0,_商品列表 (2).xlsx
MLC1413602327,0,_商品列表 (2).xlsx
MLC1411695961,0,_商品列表 (2).xlsx
MLC1877435926,0,_商品列表 (2).xlsx
MLC1362366591,0,_商品列表 (2).xlsx
MLC1776449170,0,_商品列表 (2).xlsx
MLC1272134868,0,_商品列表 (2).xlsx
MLC1473065923,0,_商品列表 (2).xlsx
MLC2401569510,0,_商品列表 (2).xlsx
MLC1042065105,0,_商品列表 (2).xlsx
MLC983022952,0,_商品列表 (2).xlsx
MLC987967656,0,_商品列表 (2).xlsx
MLC2193676170,0,_商品列表 (2).xlsx
MLC2019419122,0,_商品列表 (2).xlsx
MLC902054268,0,_商品列表 (2).xlsx
MLC2434782784,0,_商品列表 (2).xlsx
MLC2772980424,0,_商品列表 (3).xlsx
MLC2844944574,0,_商品列表 (3).xlsx
MLC2854906176,0,_商品列表 (3).xlsx
MLC1411692577,0,_商品列表 (3).xlsx
MLC2458138024,0,_商品列表 (3).xlsx
MLC1579023675,0,_商品列表 (3).xlsx
MLC1489452527,0,_商品列表 (3).xlsx
MLC1579062335,0,_商品列表 (3).xlsx
MLC1579062595,0,_商品列表 (3).xlsx
MLC1579126813,0,_商品列表 (3).xlsx
MLC1579115949,0,_商品列表 (3).xlsx
MLC1295878582,0,_商品列表 (3).xlsx
MLC2065714342,0,_商品列表 (3).xlsx
MLC1433831357,0,_商品列表 (3).xlsx
MLC1384656071,0,_商品列表 (3).xlsx
MLC1420189573,0,_商品列表 (3).xlsx
MLC1540538244,0,_商品列表 (3).xlsx
MLC2027269912,0,_商品列表 (3).xlsx
MLC2816926388,0,_商品列表 (3).xlsx
MLC1522362443,0,_商品列表 (3).xlsx
MLC1522324393,0,_商品列表 (3).xlsx
MLC1522324487,0,_商品列表 (3).xlsx
MLC1471401469,0,_商品列表 (3).xlsx
MLC2500169388,0,_商品列表 (3).xlsx
MLC2498072862,0,_商品列表 (3).xlsx
MLC1203506331,0,_商品列表 (3).xlsx
MLC1489769247,0,_商品列表 (3).xlsx
MLC976620385,0,_商品列表 (3).xlsx
MLC976948325,0,_商品列表 (3).xlsx
MLC2078057580,0,_商品列表 (3).xlsx
MLC1755883260,0,_商品列表 (3).xlsx
MLC1755883858,0,_商品列表 (3).xlsx
MLC1557545267,0,_商品列表 (3).xlsx
MLC1409116692,0,_商品列表 (3).xlsx
MLC1544210925,0,_商品列表 (3).xlsx
MLC1819676968,0,_商品列表 (3).xlsx
MLC1775649570,0,_商品列表 (3).xlsx
MLC1466296773,0,_商品列表 (3).xlsx
MLC2048735756,0,_商品列表 (3).xlsx
MLC2848394630,0,_商品列表 (3).xlsx
MLC2500823554,0,_商品列表 (3).xlsx
MLC1463253951,0,_商品列表 (3).xlsx
MLC1415586667,0,_商品列表 (3).xlsx
MLC934730715,0,_商品列表 (3).xlsx
MLC934737099,0,_商品列表 (3).xlsx
MLC2853690624,0,_商品列表 (3).xlsx
MLC1563488949,0,_商品列表 (3).xlsx
MLC1413625495,0,_商品列表 (3).xlsx
MLC1413615849,0,_商品列表 (3).xlsx
MLC1413616087,0,_商品列表 (3).xlsx
MLC1414330971,0,_商品列表 (3).xlsx
MLC2419943454,0,_商品列表 (3).xlsx
MLC1568579845,0,_商品列表 (3).xlsx
MLC1444411553,0,_商品列表 (3).xlsx
MLC1225630916,0,_商品列表 (3).xlsx
MLC1102796561,0,_商品列表 (3).xlsx
MLC1756511926,0,_商品列表 (3).xlsx
MLC979168676,0,_商品列表 (3).xlsx
MLC1036095675,0,_商品列表 (3).xlsx
MLC1856752774,0,_商品列表 (3).xlsx
MLC969956598,0,_商品列表 (3).xlsx
MLC2109849420,0,_商品列表 (3).xlsx
MLC2612592106,0,_商品列表 (3).xlsx
MLC1373147795,0,_商品列表 (3).xlsx
MLC1241613697,0,_商品列表 (3).xlsx
MLC1268436614,0,_商品列表 (3).xlsx
MLC1440980189,0,_商品列表 (3).xlsx
MLC1540037835,0,_商品列表 (3).xlsx
MLC1673264832,0,_商品列表 (3).xlsx
MLC1670200696,0,_商品列表 (3).xlsx
MLC1548821697,0,_商品列表 (3).xlsx
MLC969168893,0,_商品列表 (3).xlsx
MLC969172997,0,_商品列表 (3).xlsx
MLC1395468281,0,_商品列表 (3).xlsx
MLC1395468283,0,_商品列表 (3).xlsx
MLC1233197169,0,_商品列表 (3).xlsx
MLC967864980,0,_商品列表 (3).xlsx
MLC1482711643,0,_商品列表 (3).xlsx
MLC2859759954,0,_商品列表 (3).xlsx
MLC2859656340,0,_商品列表 (3).xlsx
MLC2856024608,0,_商品列表 (3).xlsx
MLC2764856148,0,_商品列表 (3).xlsx
MLC2872922134,0,_商品列表 (3).xlsx
MLC2316846370,0,_商品列表 (3).xlsx
MLC2431823704,0,_商品列表 (3).xlsx
MLC2431607266,0,_商品列表 (3).xlsx
MLC1599226173,0,_商品列表 (3).xlsx
MLC1063782693,0,_商品列表 (3).xlsx
MLC2460903582,0,_商品列表 (3).xlsx
MLC1068152646,0,_商品列表 (3).xlsx
MLC2420691118,0,_商品列表 (3).xlsx
MLC1456137079,0,_商品列表 (3).xlsx
MLC1465132093,0,_商品列表 (3).xlsx
MLC1405730821,0,_商品列表 (3).xlsx
MLC2455115956,0,_商品列表 (3).xlsx
MLC1405668391,0,_商品列表 (3).xlsx
MLC554368609,0,_商品列表 (3).xlsx
MLC554368640,0,_商品列表 (3).xlsx
MLC1393544829,0,_商品列表 (3).xlsx
MLC563088341,0,_商品列表 (3).xlsx
MLC1233046216,0,_商品列表 (3).xlsx
MLC2831981726,0,_商品列表 (3).xlsx
MLC2390276272,0,_商品列表 (3).xlsx
MLC2390218890,0,_商品列表 (3).xlsx
MLC2390180450,0,_商品列表 (3).xlsx
MLC1451212609,0,_商品列表 (3).xlsx
MLC2317684648,0,_商品列表 (3).xlsx
MLC1451188627,0,_商品列表 (3).xlsx
MLC1008673693,0,_商品列表 (3).xlsx
MLC1451162649,0,_商品列表 (3).xlsx
MLC2612617682,0,_商品列表 (3).xlsx
MLC1480679763,0,_商品列表 (3).xlsx
MLC1733201224,0,_商品列表 (3).xlsx
MLC1031736828,0,_商品列表 (3).xlsx
MLC1032534160,0,_商品列表 (3).xlsx
MLC1387321383,0,_商品列表 (3).xlsx
MLC1479082609,0,_商品列表 (3).xlsx
MLC2848386314,0,_商品列表 (3).xlsx
MLC2851690752,0,_商品列表 (3).xlsx
MLC2401530716,0,_商品列表 (3).xlsx
MLC2527814824,0,_商品列表 (3).xlsx
MLC1145950104,0,_商品列表 (3).xlsx
MLC2273914508,0,_商品列表 (3).xlsx
MLC2273915966,0,_商品列表 (3).xlsx
MLC1512054977,0,_商品列表 (3).xlsx
MLC2781281942,0,_商品列表 (3).xlsx
MLC1977119224,0,_商品列表 (3).xlsx
MLC1977066324,0,_商品列表 (3).xlsx
MLC1976874360,0,_商品列表 (3).xlsx
MLC1481816033,0,_商品列表 (3).xlsx
MLC1586722491,0,_商品列表 (3).xlsx
MLC2434462476,0,_商品列表 (3).xlsx
MLC545540631,0,_商品列表 (3).xlsx
MLC2048537752,0,_商品列表 (3).xlsx
MLC1567998441,0,_商品列表 (3).xlsx
MLC1480053087,0,_商品列表 (3).xlsx
MLC1282332733,0,_商品列表 (3).xlsx
MLC2500271476,0,_商品列表 (3).xlsx
MLC2500850532,0,_商品列表 (3).xlsx
MLC1401266939,0,_商品列表 (3).xlsx
MLC916006957,0,_商品列表 (3).xlsx
MLC2548984492,0,_商品列表 (3).xlsx
MLC2548946416,0,_商品列表 (3).xlsx
MLC1040626195,0,_商品列表 (3).xlsx
MLC1043918764,0,_商品列表 (3).xlsx
MLC2051041506,0,_商品列表 (3).xlsx
MLC1043308200,0,_商品列表 (3).xlsx
MLC1062128733,0,_商品列表 (3).xlsx
MLC1589512653,0,_商品列表 (3).xlsx
MLC1455197269,0,_商品列表 (3).xlsx
MLC1141557010,0,_商品列表 (3).xlsx
MLC1141868357,0,_商品列表 (3).xlsx
MLC1135784371,0,_商品列表 (3).xlsx
MLC1432232329,0,_商品列表 (3).xlsx
MLC2125527086,0,_商品列表 (3).xlsx
MLC2406049714,0,_商品列表 (3).xlsx
MLC1339780505,0,_商品列表 (3).xlsx
MLC1339593376,0,_商品列表 (3).xlsx
MLC1339593846,0,_商品列表 (3).xlsx
MLC1572506779,0,_商品列表 (3).xlsx
MLC1029354915,0,_商品列表 (3).xlsx
MLC1029724079,0,_商品列表 (3).xlsx
MLC1370305099,0,_商品列表 (3).xlsx
MLC2842321028,0,_商品列表 (3).xlsx
MLC1439608421,0,_商品列表 (3).xlsx
MLC2391910378,0,_商品列表 (3).xlsx
MLC2856037070,0,_商品列表 (3).xlsx
MLC1675270562,0,_商品列表 (3).xlsx
MLC1869298984,0,_商品列表 (3).xlsx
MLC1031092998,0,_商品列表 (3).xlsx
MLC1869307172,0,_商品列表 (3).xlsx
MLC1408680359,0,_商品列表 (3).xlsx
MLC1577451281,0,_商品列表 (3).xlsx
MLC2339162500,0,_商品列表 (3).xlsx
MLC601497750,0,_商品列表 (3).xlsx
MLC1250084943,0,_商品列表 (3).xlsx
MLC1141273945,0,_商品列表 (3).xlsx
MLC2048969470,0,_商品列表 (3).xlsx
MLC1141293520,0,_商品列表 (3).xlsx
MLC923037022,0,_商品列表 (3).xlsx
MLC554368602,0,_商品列表 (3).xlsx
MLC1255316956,0,_商品列表 (3).xlsx
MLC2360096656,0,_商品列表 (3).xlsx
MLC2285261754,0,_商品列表 (3).xlsx
MLC976764215,0,_商品列表 (3).xlsx
MLC1479043931,0,_商品列表 (3).xlsx
MLC1922150084,0,_商品列表 (3).xlsx
MLC1533130857,0,_商品列表 (3).xlsx
MLC1588707921,0,_商品列表 (3).xlsx
MLC2689614592,0,_商品列表 (3).xlsx
MLC1366312076,0,_商品列表 (3).xlsx
MLC2855997662,0,_商品列表 (3).xlsx
MLC2058575052,0,_商品列表 (3).xlsx
MLC2058361720,0,_商品列表 (3).xlsx
MLC1526222829,0,_商品列表 (3).xlsx
MLC2713642092,0,_商品列表 (3).xlsx
MLC1236581700,0,_商品列表 (3).xlsx
MLC1266854219,0,_商品列表 (3).xlsx
MLC1267390059,0,_商品列表 (3).xlsx
MLC1462609743,0,_商品列表 (3).xlsx
MLC2500837952,0,_商品列表 (4).xlsx
MLC1481920595,0,_商品列表 (4).xlsx
MLC2275359090,0,_商品列表 (4).xlsx
MLC1976852978,0,_商品列表 (4).xlsx
MLC1977117172,0,_商品列表 (4).xlsx
MLC1977117408,0,_商品列表 (4).xlsx
MLC1977119222,0,_商品列表 (4).xlsx
MLC1588719979,0,_商品列表 (4).xlsx
MLC1494924427,0,_商品列表 (4).xlsx
MLC1497002191,0,_商品列表 (4).xlsx
MLC1413637771,0,_商品列表 (4).xlsx
MLC1489755773,0,_商品列表 (4).xlsx
MLC1413589373,0,_商品列表 (4).xlsx
MLC979162220,0,_商品列表 (4).xlsx
MLC1490275113,0,_商品列表 (4).xlsx
MLC1041762558,0,_商品列表 (4).xlsx
MLC1451225135,0,_商品列表 (4).xlsx
MLC1451214671,0,_商品列表 (4).xlsx
MLC1183077797,0,_商品列表 (4).xlsx
MLC1408321609,0,_商品列表 (4).xlsx
MLC1415088289,0,_商品列表 (4).xlsx
MLC1413625351,0,_商品列表 (4).xlsx
MLC2285327552,0,_商品列表 (4).xlsx
MLC2740887144,0,_商品列表 (4).xlsx
MLC2216555666,0,_商品列表 (4).xlsx
MLC1395345861,0,_商品列表 (4).xlsx
MLC1778442306,0,_商品列表 (4).xlsx
MLC2011383062,0,_商品列表 (4).xlsx
MLC1760636010,0,_商品列表 (4).xlsx
MLC934587651,0,_商品列表 (4).xlsx
MLC1819684866,0,_商品列表 (4).xlsx
MLC2078166680,0,_商品列表 (4).xlsx
MLC1040677513,0,_商品列表 (4).xlsx
MLC976643943,0,_商品列表 (4).xlsx
MLC1223526228,0,_商品列表 (4).xlsx
MLC1234429691,0,_商品列表 (4).xlsx
MLC1413615681,0,_商品列表 (4).xlsx
MLC1413637633,0,_商品列表 (4).xlsx
MLC2098194656,0,_商品列表 (4).xlsx
MLC1002213542,0,_商品列表 (4).xlsx
MLC1201864210,0,_商品列表 (4).xlsx
MLC981546047,0,_商品列表 (4).xlsx
MLC1805517264,0,_商品列表 (4).xlsx
MLC2273538308,0,_商品列表 (4).xlsx
MLC2303335974,0,_商品列表 (4).xlsx
MLC1188626258,0,_商品列表 (4).xlsx
MLC1196151119,0,_商品列表 (4).xlsx
MLC1475376381,0,_商品列表 (4).xlsx
MLC1135761877,0,_商品列表 (4).xlsx
MLC2188016736,0,_商品列表 (4).xlsx
MLC1142900337,0,_商品列表 (4).xlsx
MLC1589034093,0,_商品列表 (4).xlsx
MLC1344226399,0,_商品列表 (4).xlsx
MLC2164829004,0,_商品列表 (4).xlsx
MLC1515884555,0,_商品列表 (4).xlsx
MLC1461411297,0,_商品列表 (4).xlsx
MLC1069536193,0,_商品列表 (4).xlsx
MLC1255297838,0,_商品列表 (4).xlsx
MLC2411434606,0,_商品列表 (4).xlsx
MLC1198627697,0,_商品列表 (4).xlsx
MLC1415555349,0,_商品列表 (4).xlsx
MLC1063549676,0,_商品列表 (4).xlsx
MLC1495871695,0,_商品列表 (4).xlsx
MLC2612720692,0,_商品列表 (4).xlsx
MLC2161506888,0,_商品列表 (4).xlsx
MLC1483901037,0,_商品列表 (4).xlsx
MLC2784739574,0,_商品列表 (4).xlsx
MLC2161558400,0,_商品列表 (4).xlsx
MLC2383550406,0,_商品列表 (4).xlsx
MLC1082200397,0,_商品列表 (4).xlsx
MLC1529514985,0,_商品列表 (4).xlsx
MLC1557486443,0,_商品列表 (4).xlsx
MLC2343556054,0,_商品列表 (4).xlsx
MLC1301364990,0,_商品列表 (4).xlsx
MLC908513531,0,_商品列表 (4).xlsx
MLC2078103492,0,_商品列表 (4).xlsx
MLC2078032436,0,_商品列表 (4).xlsx
MLC1487936881,0,_商品列表 (4).xlsx
MLC1473001883,0,_商品列表 (4).xlsx
MLC1473014367,0,_商品列表 (4).xlsx
MLC635689268,0,_商品列表 (4).xlsx
MLC2390296642,0,_商品列表 (4).xlsx
MLC1819701898,0,_商品列表 (4).xlsx
MLC1819635000,0,_商品列表 (4).xlsx
MLC1819671130,0,_商品列表 (4).xlsx
MLC1819426352,0,_商品列表 (4).xlsx
MLC2695934344,0,_商品列表 (4).xlsx
MLC1812642328,0,_商品列表 (4).xlsx
MLC1408953302,0,_商品列表 (4).xlsx
MLC2434527914,0,_商品列表 (4).xlsx
MLC1484424137,0,_商品列表 (4).xlsx
MLC1451174885,0,_商品列表 (4).xlsx
MLC1490210531,0,_商品列表 (4).xlsx
MLC1461691653,0,_商品列表 (4).xlsx
MLC1399427503,0,_商品列表 (4).xlsx
MLC1579128613,0,_商品列表 (4).xlsx
MLC1297012974,0,_商品列表 (4).xlsx
MLC1437332533,0,_商品列表 (4).xlsx
MLC1438156587,0,_商品列表 (4).xlsx
MLC1509701389,0,_商品列表 (4).xlsx
MLC1725609386,0,_商品列表 (4).xlsx
MLC2470344980,0,_商品列表 (4).xlsx
MLC2134995422,0,_商品列表 (4).xlsx
MLC2873366042,0,_商品列表 (4).xlsx
MLC2874688636,0,_商品列表 (4).xlsx
MLC2317659170,0,_商品列表 (4).xlsx
MLC1841456982,0,_商品列表 (4).xlsx
MLC2290948938,0,_商品列表 (4).xlsx
MLC1355155202,0,_商品列表 (4).xlsx
MLC1355091986,0,_商品列表 (4).xlsx
MLC1355186429,0,_商品列表 (4).xlsx
MLC2411499270,0,_商品列表 (4).xlsx
MLC1579116319,0,_商品列表 (4).xlsx
MLC1476765713,0,_商品列表 (4).xlsx
MLC1451225735,0,_商品列表 (4).xlsx
MLC2859682080,0,_商品列表 (4).xlsx
MLC1539622356,0,_商品列表 (4).xlsx
MLC545540633,0,_商品列表 (4).xlsx
MLC1008956378,0,_商品列表 (4).xlsx
MLC1726396348,0,_商品列表 (4).xlsx
MLC1795864444,0,_商品列表 (4).xlsx
MLC1451420271,0,_商品列表 (4).xlsx
MLC952042239,0,_商品列表 (4).xlsx
MLC1083091520,0,_商品列表 (4).xlsx
MLC1083109960,0,_商品列表 (4).xlsx
MLC1428522183,0,_商品列表 (4).xlsx
MLC2097184672,0,_商品列表 (4).xlsx
MLC2097313292,0,_商品列表 (4).xlsx
MLC2022569918,0,_商品列表 (4).xlsx
MLC2859708172,0,_商品列表 (4).xlsx
MLC2859695258,0,_商品列表 (4).xlsx
MLC2859747270,0,_商品列表 (4).xlsx
MLC1225624468,0,_商品列表 (4).xlsx
MLC2859798672,0,_商品列表 (4).xlsx
MLC2859798712,0,_商品列表 (4).xlsx
MLC1531627247,0,_商品列表 (4).xlsx
MLC1392230431,0,_商品列表 (4).xlsx
MLC1640529608,0,_商品列表 (4).xlsx
MLC2856114424,0,_商品列表 (4).xlsx
MLC1015186710,0,_商品列表 (4).xlsx
MLC1446900165,0,_商品列表 (4).xlsx
MLC1921138026,0,_商品列表 (4).xlsx
MLC2689665824,0,_商品列表 (4).xlsx
MLC1403361455,0,_商品列表 (4).xlsx
MLC1858447110,0,_商品列表 (4).xlsx
MLC2420535784,0,_商品列表 (4).xlsx
MLC1052105920,0,_商品列表 (4).xlsx
MLC1458344753,0,_商品列表 (4).xlsx
MLC1378677496,0,_商品列表 (4).xlsx
MLC947378363,0,_商品列表 (4).xlsx
MLC1505267125,0,_商品列表 (4).xlsx
MLC554368590,0,_商品列表 (4).xlsx
MLC554368594,0,_商品列表 (4).xlsx
MLC554368700,0,_商品列表 (4).xlsx
MLC1432489879,0,_商品列表 (4).xlsx
MLC1432813743,0,_商品列表 (4).xlsx
MLC934743643,0,_商品列表 (4).xlsx
MLC1420884903,0,_商品列表 (4).xlsx
MLC1131515400,0,_商品列表 (4).xlsx
MLC1038297884,0,_商品列表 (4).xlsx
MLC1038270652,0,_商品列表 (4).xlsx
MLC1490262195,0,_商品列表 (4).xlsx
MLC1365168171,0,_商品列表 (4).xlsx
MLC1436582163,0,_商品列表 (4).xlsx
MLC1436607443,0,_商品列表 (4).xlsx
MLC1465723317,0,_商品列表 (4).xlsx
MLC1107658419,0,_商品列表 (4).xlsx
MLC553654449,0,_商品列表 (4).xlsx
MLC1502930039,0,_商品列表 (4).xlsx
MLC1549571091,0,_商品列表 (4).xlsx
MLC2854307718,0,_商品列表 (4).xlsx
MLC1786997004,0,_商品列表 (4).xlsx
MLC1891554246,0,_商品列表 (4).xlsx
MLC1376703757,0,_商品列表 (4).xlsx
MLC2131636304,0,_商品列表 (4).xlsx
MLC1433842091,0,_商品列表 (4).xlsx
MLC1433819095,0,_商品列表 (4).xlsx
MLC1433807837,0,_商品列表 (4).xlsx
MLC1433780901,0,_商品列表 (4).xlsx
MLC1383469373,0,_商品列表 (4).xlsx
MLC1427832679,0,_商品列表 (4).xlsx
MLC1419037757,0,_商品列表 (4).xlsx
MLC1479078793,0,_商品列表 (4).xlsx
MLC1479043685,0,_商品列表 (4).xlsx
MLC2434860742,0,_商品列表 (4).xlsx
MLC2753564806,0,_商品列表 (4).xlsx
MLC1588239927,0,_商品列表 (4).xlsx
MLC2848387278,0,_商品列表 (4).xlsx
MLC545540647,0,_商品列表 (4).xlsx
MLC979142685,0,_商品列表 (4).xlsx
MLC1493308133,0,_商品列表 (4).xlsx
MLC1498267535,0,_商品列表 (4).xlsx
MLC1601285163,0,_商品列表 (4).xlsx
MLC1484496691,0,_商品列表 (4).xlsx
MLC1501511497,0,_商品列表 (4).xlsx
MLC2655577054,0,_商品列表 (4).xlsx
MLC1729168836,0,_商品列表 (4).xlsx
MLC1272138223,1,_商品列表 (4).xlsx
MLC2344069800,0,_商品列表 (4).xlsx
MLC1349391178,0,_商品列表 (4).xlsx
MLC2161545506,0,_商品列表 (5).xlsx
MLC2060374674,0,_商品列表 (5).xlsx
MLC1583318047,0,_商品列表 (5).xlsx
MLC1776752380,0,_商品列表 (5).xlsx
MLC1964886632,0,_商品列表 (5).xlsx
MLC1059253531,0,_商品列表 (5).xlsx
MLC1451188905,0,_商品列表 (5).xlsx
MLC1008839855,0,_商品列表 (5).xlsx
MLC1825967046,0,_商品列表 (5).xlsx
MLC1733188876,0,_商品列表 (5).xlsx
MLC1036103873,0,_商品列表 (5).xlsx
MLC2567218696,0,_商品列表 (5).xlsx
MLC2567219604,0,_商品列表 (5).xlsx
MLC1505349187,0,_商品列表 (5).xlsx
MLC2852792022,0,_商品列表 (5).xlsx
MLC2689576198,0,_商品列表 (5).xlsx
MLC1858046276,0,_商品列表 (5).xlsx
MLC638299520,0,_商品列表 (5).xlsx
MLC554862833,0,_商品列表 (5).xlsx
MLC641413352,0,_商品列表 (5).xlsx
MLC1406273433,0,_商品列表 (5).xlsx
MLC2076737812,0,_商品列表 (5).xlsx
MLC1877423976,0,_商品列表 (5).xlsx
MLC2500272190,0,_商品列表 (5).xlsx
MLC2390206754,0,_商品列表 (5).xlsx
MLC2411434236,0,_商品列表 (5).xlsx
MLC2839837240,0,_商品列表 (5).xlsx
MLC1509764575,0,_商品列表 (5).xlsx
MLC1013507493,0,_商品列表 (5).xlsx
MLC1373176687,0,_商品列表 (5).xlsx
MLC1355117925,0,_商品列表 (5).xlsx
MLC2859695238,0,_商品列表 (5).xlsx
MLC2859643404,0,_商品列表 (5).xlsx
MLC1556231603,0,_商品列表 (5).xlsx
MLC1577088254,0,_商品列表 (5).xlsx
MLC2859630350,0,_商品列表 (5).xlsx
MLC1808509434,0,_商品列表 (5).xlsx
MLC956170073,0,_商品列表 (5).xlsx
MLC1292025309,0,_商品列表 (5).xlsx
MLC1292044138,0,_商品列表 (5).xlsx
MLC954212493,0,_商品列表 (5).xlsx
MLC1030869896,0,_商品列表 (5).xlsx
MLC1421220675,0,_商品列表 (5).xlsx
MLC1391902777,0,_商品列表 (5).xlsx
MLC1374709489,0,_商品列表 (5).xlsx
MLC2155371274,0,_商品列表 (5).xlsx
MLC2856205004,0,_商品列表 (5).xlsx
MLC2856180270,0,_商品列表 (5).xlsx
MLC1473092667,0,_商品列表 (5).xlsx
MLC2516411842,0,_商品列表 (5).xlsx
MLC2496467732,0,_商品列表 (5).xlsx
MLC2800783586,0,_商品列表 (5).xlsx
MLC1468266553,0,_商品列表 (5).xlsx
MLC1073088954,0,_商品列表 (5).xlsx
MLC1467109427,0,_商品列表 (5).xlsx
MLC1489768737,0,_商品列表 (5).xlsx
MLC2383640782,0,_商品列表 (5).xlsx
MLC1412454067,0,_商品列表 (5).xlsx
MLC1082206793,0,_商品列表 (5).xlsx
MLC1082111532,0,_商品列表 (5).xlsx
MLC634384637,0,_商品列表 (5).xlsx
MLC636942470,0,_商品列表 (5).xlsx
MLC976957290,0,_商品列表 (5).xlsx
MLC1558191335,0,_商品列表 (5).xlsx
MLC554368615,0,_商品列表 (5).xlsx
MLC1413602527,0,_商品列表 (5).xlsx
MLC2162741692,0,_商品列表 (5).xlsx
MLC2835684160,0,_商品列表 (5).xlsx
MLC1099295254,0,_商品列表 (5).xlsx
MLC1598075514,0,_商品列表 (5).xlsx
MLC2642574560,0,_商品列表 (5).xlsx
MLC1383976071,0,_商品列表 (5).xlsx
MLC608643725,0,_商品列表 (5).xlsx
MLC1437599935,0,_商品列表 (5).xlsx
MLC1461385289,0,_商品列表 (5).xlsx
MLC2872973058,0,_商品列表 (5).xlsx
MLC2873016606,0,_商品列表 (5).xlsx
MLC2324696948,0,_商品列表 (5).xlsx
MLC1400065543,0,_商品列表 (5).xlsx
MLC1400052929,0,_商品列表 (5).xlsx
MLC1409335353,0,_商品列表 (5).xlsx
MLC1844036830,0,_商品列表 (5).xlsx
MLC1038302892,0,_商品列表 (5).xlsx
MLC1040684030,0,_商品列表 (5).xlsx
MLC1029361908,0,_商品列表 (5).xlsx
MLC1378804953,0,_商品列表 (5).xlsx
MLC1390620491,0,_商品列表 (5).xlsx
MLC1349466107,0,_商品列表 (5).xlsx
MLC1869344694,0,_商品列表 (5).xlsx
MLC1291925045,0,_商品列表 (5).xlsx
MLC1141298256,0,_商品列表 (5).xlsx
MLC1040606683,0,_商品列表 (5).xlsx
MLC983157509,0,_商品列表 (5).xlsx
MLC1063333894,0,_商品列表 (5).xlsx
MLC934724075,0,_商品列表 (5).xlsx
MLC1775523344,0,_商品列表 (5).xlsx
MLC2689588960,0,_商品列表 (5).xlsx
MLC961018710,0,_商品列表 (5).xlsx
MLC1548846779,0,_商品列表 (5).xlsx
MLC1866171790,0,_商品列表 (5).xlsx
MLC1031147119,0,_商品列表 (5).xlsx
MLC1560906422,0,_商品列表 (5).xlsx
MLC2689665822,0,_商品列表 (5).xlsx
MLC1489412055,0,_商品列表 (5).xlsx
MLC1806399746,0,_商品列表 (5).xlsx
MLC901811153,0,_商品列表 (5).xlsx
MLC2337341196,0,_商品列表 (5).xlsx
MLC941764260,0,_商品列表 (5).xlsx
MLC1461639931,0,_商品列表 (5).xlsx
MLC1421652975,0,_商品列表 (5).xlsx
MLC1490223745,0,_商品列表 (5).xlsx
MLC2159003382,0,_商品列表 (5).xlsx
MLC1413625365,0,_商品列表 (5).xlsx
MLC1413589459,0,_商品列表 (5).xlsx
MLC2285268418,0,_商品列表 (5).xlsx
MLC2378588156,0,_商品列表 (5).xlsx
MLC1313689053,0,_商品列表 (5).xlsx
MLC1536867017,0,_商品列表 (5).xlsx
MLC1536657076,0,_商品列表 (5).xlsx
MLC1391236935,0,_商品列表 (5).xlsx
MLC1390718023,0,_商品列表 (5).xlsx
MLC934587650,0,_商品列表 (5).xlsx
MLC1022208039,0,_商品列表 (5).xlsx
MLC1022651090,0,_商品列表 (5).xlsx
MLC535101633,0,_商品列表 (5).xlsx
MLC538094029,0,_商品列表 (5).xlsx
MLC1977091756,0,_商品列表 (5).xlsx
MLC1808304186,0,_商品列表 (5).xlsx
MLC2273575682,0,_商品列表 (5).xlsx
MLC2273551214,0,_商品列表 (5).xlsx
MLC1031726157,0,_商品列表 (5).xlsx
MLC1387253639,0,_商品列表 (5).xlsx
MLC983425319,0,_商品列表 (5).xlsx
MLC983136034,0,_商品列表 (5).xlsx
MLC2816964902,0,_商品列表 (5).xlsx
MLC554368634,0,_商品列表 (5).xlsx
MLC2250460054,0,_商品列表 (5).xlsx
MLC2097990884,0,_商品列表 (5).xlsx
MLC2048576052,0,_商品列表 (5).xlsx
MLC2098169474,0,_商品列表 (5).xlsx
MLC1853174182,0,_商品列表 (5).xlsx
MLC1145652180,0,_商品列表 (5).xlsx
MLC1145662892,0,_商品列表 (5).xlsx
MLC1115366650,0,_商品列表 (5).xlsx
MLC1418688555,0,_商品列表 (5).xlsx
MLC1526054707,0,_商品列表 (5).xlsx
MLC1526102153,0,_商品列表 (5).xlsx
MLC969975960,0,_商品列表 (5).xlsx
MLC1726471888,0,_商品列表 (5).xlsx
MLC1726454706,0,_商品列表 (5).xlsx
MLC1516967337,0,_商品列表 (5).xlsx
MLC958073991,0,_商品列表 (5).xlsx
MLC1787015852,0,_商品列表 (5).xlsx
MLC1893889694,0,_商品列表 (5).xlsx
MLC1585248407,0,_商品列表 (5).xlsx
MLC2873418086,0,_商品列表 (5).xlsx
MLC2689640550,0,_商品列表 (5).xlsx
MLC2193710368,0,_商品列表 (5).xlsx
MLC1557509221,0,_商品列表 (5).xlsx
MLC2088717936,0,_商品列表 (5).xlsx
MLC2006200858,0,_商品列表 (5).xlsx
MLC1408953304,0,_商品列表 (5).xlsx
MLC1786812684,0,_商品列表 (5).xlsx
MLC2865057030,0,_商品列表 (5).xlsx
MLC1893902812,0,_商品列表 (5).xlsx
MLC1411659941,0,_商品列表 (5).xlsx
MLC1411310391,0,_商品列表 (5).xlsx
MLC1466566603,0,_商品列表 (5).xlsx
MLC1016780933,0,_商品列表 (5).xlsx
MLC2451746378,0,_商品列表 (5).xlsx
MLC1410265117,0,_商品列表 (5).xlsx
MLC2391139850,0,_商品列表 (5).xlsx
MLC1402989155,0,_商品列表 (5).xlsx
MLC1402551555,0,_商品列表 (5).xlsx
MLC966537736,0,_商品列表 (5).xlsx
MLC1845906114,0,_商品列表 (5).xlsx
MLC1579039215,0,_商品列表 (5).xlsx
MLC1422414985,0,_商品列表 (5).xlsx
MLC1392248799,0,_商品列表 (5).xlsx
MLC1599226175,0,_商品列表 (5).xlsx
MLC2764860476,0,_商品列表 (5).xlsx
MLC1446891197,0,_商品列表 (5).xlsx
MLC1085974559,0,_商品列表 (5).xlsx
MLC1085709014,0,_商品列表 (5).xlsx
MLC1085720741,0,_商品列表 (5).xlsx
MLC1067961893,0,_商品列表 (5).xlsx
MLC1066289662,0,_商品列表 (5).xlsx
MLC1420249733,0,_商品列表 (5).xlsx
MLC2431659256,0,_商品列表 (5).xlsx
MLC1359136905,0,_商品列表 (5).xlsx
MLC1889230238,0,_商品列表 (5).xlsx
MLC1451248941,0,_商品列表 (5).xlsx
MLC2317690382,0,_商品列表 (5).xlsx
MLC2317728866,0,_商品列表 (5).xlsx
MLC2317715522,0,_商品列表 (5).xlsx
MLC2380301624,0,_商品列表 (5).xlsx
MLC1519739027,0,_商品列表 (5).xlsx
MLC2039270842,0,_商品列表 (5).xlsx
MLC1457737031,0,_商品列表 (5).xlsx
MLC1562768913,0,_商品列表 (5).xlsx
MLC1444492371,0,_商品列表 (6).xlsx
MLC2281793000,0,_商品列表 (6).xlsx
MLC2281793002,0,_商品列表 (6).xlsx
MLC2740770936,0,_商品列表 (6).xlsx
MLC1673328350,0,_商品列表 (6).xlsx
MLC979149177,0,_商品列表 (6).xlsx
MLC1241465246,0,_商品列表 (6).xlsx
MLC1241478129,0,_商品列表 (6).xlsx
MLC967941240,0,_商品列表 (6).xlsx
MLC1268613303,0,_商品列表 (6).xlsx
MLC1268226103,0,_商品列表 (6).xlsx
MLC1267390680,0,_商品列表 (6).xlsx
MLC2460994418,0,_商品列表 (6).xlsx
MLC2859604790,0,_商品列表 (6).xlsx
MLC1578998167,0,_商品列表 (6).xlsx
MLC2814796892,0,_商品列表 (6).xlsx
MLC1490236473,0,_商品列表 (6).xlsx
MLC1490198085,0,_商品列表 (6).xlsx
MLC1490185219,0,_商品列表 (6).xlsx
MLC941782525,0,_商品列表 (6).xlsx
MLC2549038150,0,_商品列表 (6).xlsx
MLC1420833623,0,_商品列表 (6).xlsx
MLC1296942529,0,_商品列表 (6).xlsx
MLC1578972097,0,_商品列表 (6).xlsx
MLC1905248366,0,_商品列表 (6).xlsx
MLC2613208740,0,_商品列表 (6).xlsx
MLC931423457,0,_商品列表 (6).xlsx
MLC1588621139,0,_商品列表 (6).xlsx
MLC1481731117,0,_商品列表 (6).xlsx
MLC1481705343,0,_商品列表 (6).xlsx
MLC1977067770,0,_商品列表 (6).xlsx
MLC1172997893,0,_商品列表 (6).xlsx
MLC2414205400,0,_商品列表 (6).xlsx
MLC2527867016,0,_商品列表 (6).xlsx
MLC1479701661,0,_商品列表 (6).xlsx
MLC1601360381,0,_商品列表 (6).xlsx
MLC1727896846,0,_商品列表 (6).xlsx
MLC1395359263,0,_商品列表 (6).xlsx
MLC1527748236,0,_商品列表 (6).xlsx
MLC1038271589,0,_商品列表 (6).xlsx
MLC2851908430,1,_商品列表 (6).xlsx
MLC1468638079,0,_商品列表 (6).xlsx
MLC1353108830,0,_商品列表 (6).xlsx
MLC2842195946,0,_商品列表 (6).xlsx
MLC2842117984,0,_商品列表 (6).xlsx
MLC2842169968,0,_商品列表 (6).xlsx
MLC1406004302,0,_商品列表 (6).xlsx
MLC1864115048,0,_商品列表 (6).xlsx
MLC1864140326,0,_商品列表 (6).xlsx
MLC2406114638,0,_商品列表 (6).xlsx
MLC1030813150,0,_商品列表 (6).xlsx
MLC1432262483,0,_商品列表 (6).xlsx
MLC1028379642,0,_商品列表 (6).xlsx
MLC1030082244,0,_商品列表 (6).xlsx
MLC1031010227,0,_商品列表 (6).xlsx
MLC1063495678,0,_商品列表 (6).xlsx
MLC1681393001,6,_商品列表 (6).xlsx
MLC2918871244,13,_商品列表 (6).xlsx
MLC1589098803,0,_商品列表 (6).xlsx
MLC1062090040,0,_商品列表 (6).xlsx
MLC1589213155,0,_商品列表 (6).xlsx
MLC2187901942,0,_商品列表 (6).xlsx
MLC2187902020,0,_商品列表 (6).xlsx
MLC1698388887,0,_商品列表 (6).xlsx
MLC2053834956,0,_商品列表 (6).xlsx
MLC1587910937,0,_商品列表 (6).xlsx
MLC1776778730,0,_商品列表 (6).xlsx
MLC2114056886,0,_商品列表 (6).xlsx
MLC1036024786,0,_商品列表 (6).xlsx
MLC2374779320,0,_商品列表 (6).xlsx
MLC2272089184,0,_商品列表 (6).xlsx
MLC1481717785,0,_商品列表 (6).xlsx
MLC2406076086,0,_商品列表 (6).xlsx
MLC2191943814,0,_商品列表 (6).xlsx
MLC1983489400,0,_商品列表 (6).xlsx
MLC1483117901,0,_商品列表 (6).xlsx
MLC1570476475,1031,_商品列表 (7).xlsx
MLC2813271734,589,_商品列表 (7).xlsx
MLC2876532474,747,_商品列表 (7).xlsx
MLC2866408470,515,_商品列表 (7).xlsx
MLC1553928897,329,_商品列表 (7).xlsx
MLC2836521074,185,_商品列表 (7).xlsx
MLC1587421877,281,_商品列表 (7).xlsx
MLC2857991770,233,_商品列表 (7).xlsx
MLC3306758280,67,_商品列表 (7).xlsx
MLC1630946679,149,_商品列表 (7).xlsx
MLC2860426938,114,_商品列表 (7).xlsx
MLC3223055248,229,_商品列表 (7).xlsx
MLC3038892162,262,_商品列表 (7).xlsx
MLC2989757544,38,_商品列表 (7).xlsx
MLC3172212224,20,_商品列表 (7).xlsx
MLC1566388973,83,_商品列表 (7).xlsx
MLC2299335564,137,_商品列表 (7).xlsx
MLC2847053808,68,_商品列表 (7).xlsx
MLC3223053888,76,_商品列表 (7).xlsx
MLC3430024618,0,_商品列表 (7).xlsx
MLC2970695404,69,_商品列表 (7).xlsx
MLC2834337078,83,_商品列表 (7).xlsx
MLC2910386062,0,_商品列表 (7).xlsx
MLC1628246269,1,_商品列表 (7).xlsx
MLC1811991356,0,_商品列表 (7).xlsx
MLC1564413177,0,_商品列表 (7).xlsx
MLC2209866232,0,_商品列表 (7).xlsx
MLC1811422300,0,_商品列表 (7).xlsx
MLC2284710678,1,_商品列表 (7).xlsx
MLC2891131114,0,_商品列表 (7).xlsx
MLC2299426294,0,_商品列表 (7).xlsx
MLC1868633622,5,_商品列表 (7).xlsx
MLC2926123038,6,_商品列表 (7).xlsx
MLC2050632112,0,_商品列表 (7).xlsx
MLC2739611050,0,_商品列表 (7).xlsx
MLC2927591438,16,_商品列表 (7).xlsx
MLC2926071594,0,_商品列表 (7).xlsx
MLC1888028268,0,_商品列表 (7).xlsx
MLC1811874420,0,_商品列表 (7).xlsx
MLC1812017450,0,_商品列表 (7).xlsx
MLC2670997816,0,_商品列表 (7).xlsx
MLC3039777864,0,_商品列表 (7).xlsx
MLC1629796983,1,_商品列表 (7).xlsx
MLC2962343114,76,_商品列表 (7).xlsx
MLC2995627446,0,_商品列表 (7).xlsx
MLC2851884460,0,_商品列表 (7).xlsx
MLC2864812352,1,_商品列表 (7).xlsx
MLC1811280252,0,_商品列表 (7).xlsx
MLC2736955708,0,_商品列表 (7).xlsx
MLC1869049322,0,_商品列表 (7).xlsx
MLC1868607118,0,_商品列表 (7).xlsx
MLC1838199010,0,_商品列表 (7).xlsx
MLC2670997720,0,_商品列表 (7).xlsx
MLC1489547461,0,_商品列表 (7).xlsx
MLC2739767118,0,_商品列表 (7).xlsx
MLC1579836959,0,_商品列表 (7).xlsx
MLC2671204398,0,_商品列表 (7).xlsx
MLC2792046816,0,_商品列表 (7).xlsx
MLC1535173315,0,_商品列表 (7).xlsx
MLC2234424318,0,_商品列表 (7).xlsx
MLC1497192723,0,_商品列表 (7).xlsx
MLC1580386221,0,_商品列表 (7).xlsx
MLC1504588621,0,_商品列表 (7).xlsx
MLC1574382367,0,_商品列表 (7).xlsx
MLC1555497645,0,_商品列表 (7).xlsx
MLC1588363305,0,_商品列表 (7).xlsx
MLC2765478554,0,_商品列表 (7).xlsx
MLC1441320663,0,_商品列表 (7).xlsx
MLC1578945959,0,_商品列表 (7).xlsx
MLC1580398925,0,_商品列表 (7).xlsx
MLC2665184380,0,_商品列表 (7).xlsx
MLC1810769970,0,_商品列表 (7).xlsx
MLC1558254757,0,_商品列表 (7).xlsx
MLC2815505550,0,_商品列表 (7).xlsx
MLC2861390316,0,_商品列表 (7).xlsx
MLC2794115958,0,_商品列表 (7).xlsx
MLC2862291588,98,_商品列表 (8).xlsx
MLC2862421924,195,_商品列表 (8).xlsx
MLC2862317702,36,_商品列表 (8).xlsx
MLC1593071773,41,_商品列表 (8).xlsx
MLC2950403784,53,_商品列表 (8).xlsx
MLC2862434694,40,_商品列表 (8).xlsx
MLC1591911133,18,_商品列表 (8).xlsx
MLC2945579748,113,_商品列表 (8).xlsx
MLC1677779459,11,_商品列表 (8).xlsx
MLC2966471184,13,_商品列表 (8).xlsx
MLC1646919543,31,_商品列表 (8).xlsx
MLC1497821153,0,_商品列表 (8).xlsx
MLC1568762195,0,_商品列表 (8).xlsx
MLC2862486806,0,_商品列表 (8).xlsx
MLC1714536521,0,_商品列表 (8).xlsx
MLC1610719598,0,_商品列表 (8).xlsx
MLC1438531481,0,_商品列表 (8).xlsx
MLC1587931353,0,_商品列表 (8).xlsx
MLC1588030923,1,_商品列表 (8).xlsx
MLC1738648705,0,_商品列表 (8).xlsx
MLC2817608422,0,_商品列表 (8).xlsx
MLC3324947632,0,_商品列表 (8).xlsx
MLC1563215623,0,_商品列表 (8).xlsx
MLC1502047139,0,_商品列表 (8).xlsx
MLC2855377392,0,_商品列表 (8).xlsx
MLC2853423650,0,_商品列表 (8).xlsx
MLC1566911523,0,_商品列表 (8).xlsx
MLC2410186788,0,_商品列表 (8).xlsx
MLC904096190,0,_商品列表 (8).xlsx
MLC2818356894,0,_商品列表 (8).xlsx
MLC1588163709,0,_商品列表 (8).xlsx
MLC1591976085,9,_商品列表 (8).xlsx
MLC1478724981,0,_商品列表 (8).xlsx
MLC1552740789,0,_商品列表 (8).xlsx
MLC1442222317,0,_商品列表 (8).xlsx
MLC1587969127,0,_商品列表 (8).xlsx
MLC1590871649,0,_商品列表 (8).xlsx
MLC2898627656,0,_商品列表 (8).xlsx
MLC2809702696,0,_商品列表 (8).xlsx
MLC2935102426,0,_商品列表 (8).xlsx
MLC2274446024,0,_商品列表 (8).xlsx
MLC1588032135,0,_商品列表 (8).xlsx
MLC1587979451,2,_商品列表 (8).xlsx
MLC1733263021,3,_商品列表 (8).xlsx
MLC1566847631,0,_商品列表 (8).xlsx
MLC1693326895,0,_商品列表 (8).xlsx
MLC2846608154,0,_商品列表 (8).xlsx
MLC1599676041,0,_商品列表 (8).xlsx
MLC1582033099,2,_商品列表 (8).xlsx
MLC1457849901,0,_商品列表 (8).xlsx
MLC1397910691,0,_商品列表 (8).xlsx
MLC1552740791,0,_商品列表 (8).xlsx
MLC2675089446,0,_商品列表 (8).xlsx
MLC1555517797,0,_商品列表 (8).xlsx
MLC2849234028,0,_商品列表 (8).xlsx
MLC2842072582,0,_商品列表 (8).xlsx
MLC1684233013,0,_商品列表 (8).xlsx
MLC1587928801,0,_商品列表 (8).xlsx
MLC2823810914,0,_商品列表 (8).xlsx
MLC1587981143,0,_商品列表 (8).xlsx
MLC1591975979,213,_商品列表 (8).xlsx
MLC3196051302,0,_商品列表 (8).xlsx
MLC2873639594,0,_商品列表 (8).xlsx
MLC1588285643,0,_商品列表 (8).xlsx
MLC2851132090,3,_商品列表 (8).xlsx
MLC3324417802,1,_商品列表 (8).xlsx
MLC1588100443,3,_商品列表 (8).xlsx
MLC2076704308,0,_商品列表 (8).xlsx
MLC1897870360,0,_商品列表 (8).xlsx
MLC611547428,0,_商品列表 (8).xlsx
MLC1377289253,0,_商品列表 (8).xlsx
MLC1495130355,0,_商品列表 (8).xlsx
MLC1473470049,0,_商品列表 (8).xlsx
MLC2400074604,0,_商品列表 (8).xlsx
MLC1030831510,0,_商品列表 (8).xlsx
MLC2677533316,0,_商品列表 (8).xlsx
MLC1719189148,0,_商品列表 (8).xlsx
MLC1476764285,0,_商品列表 (8).xlsx
MLC2576085392,0,_商品列表 (8).xlsx
MLC2549615476,0,_商品列表 (8).xlsx
MLC2737903904,0,_商品列表 (8).xlsx
MLC1503721355,0,_商品列表 (8).xlsx
MLC1470474579,0,_商品列表 (8).xlsx
MLC1389455149,0,_商品列表 (8).xlsx
MLC1389431043,0,_商品列表 (8).xlsx
MLC1517024219,0,_商品列表 (8).xlsx
MLC1516939231,0,_商品列表 (8).xlsx
MLC1484372945,0,_商品列表 (8).xlsx
MLC1429381047,0,_商品列表 (8).xlsx
MLC2643553206,0,_商品列表 (8).xlsx
MLC2534786096,0,_商品列表 (8).xlsx
MLC1568280135,0,_商品列表 (8).xlsx
MLC2586425660,0,_商品列表 (8).xlsx
MLC1481217491,0,_商品列表 (8).xlsx
MLC1531481541,0,_商品列表 (8).xlsx
MLC2711859590,0,_商品列表 (8).xlsx
MLC1594457527,0,_商品列表 (8).xlsx
MLC1504157715,0,_商品列表 (8).xlsx
MLC1431519351,0,_商品列表 (8).xlsx
MLC977760842,0,_商品列表 (8).xlsx
MLC2019471036,0,_商品列表 (8).xlsx
MLC1644597066,0,_商品列表 (8).xlsx
MLC1500414629,0,_商品列表 (8).xlsx
MLC1461248789,0,_商品列表 (8).xlsx
MLC1525829857,0,_商品列表 (8).xlsx
MLC2872154486,0,_商品列表 (8).xlsx
MLC2829759642,0,_商品列表 (8).xlsx
MLC2841681204,0,_商品列表 (8).xlsx
MLC1416607559,0,_商品列表 (8).xlsx
MLC1560971695,0,_商品列表 (8).xlsx
MLC1579967331,0,_商品列表 (8).xlsx
MLC1564048501,0,_商品列表 (8).xlsx
MLC1471207535,0,_商品列表 (8).xlsx
MLC1439530915,0,_商品列表 (8).xlsx
MLC950463200,0,_商品列表 (8).xlsx
MLC1486776595,0,_商品列表 (8).xlsx
MLC1560587353,0,_商品列表 (8).xlsx
MLC1610744258,0,_商品列表 (8).xlsx
MLC2215946216,0,_商品列表 (8).xlsx
MLC1446878443,0,_商品列表 (8).xlsx
MLC2420729866,0,_商品列表 (8).xlsx
MLC2420536162,0,_商品列表 (8).xlsx
MLC2657111250,0,_商品列表 (8).xlsx
MLC2618826714,0,_商品列表 (8).xlsx
MLC1451287903,0,_商品列表 (8).xlsx
MLC2381908656,0,_商品列表 (8).xlsx
MLC1424071675,0,_商品列表 (8).xlsx
MLC2809690588,0,_商品列表 (8).xlsx
MLC2033137436,0,_商品列表 (8).xlsx
MLC1460023475,0,_商品列表 (8).xlsx
MLC2808846774,0,_商品列表 (8).xlsx
MLC1569863315,0,_商品列表 (8).xlsx
MLC1576071513,0,_商品列表 (8).xlsx
MLC2696908670,0,_商品列表 (8).xlsx
MLC1420944209,0,_商品列表 (8).xlsx
MLC1421017941,0,_商品列表 (8).xlsx
MLC2473375196,0,_商品列表 (8).xlsx
MLC2471974572,0,_商品列表 (8).xlsx
MLC1439646249,0,_商品列表 (8).xlsx
MLC1540604831,0,_商品列表 (8).xlsx
MLC2160877460,0,_商品列表 (8).xlsx
MLC2117521528,0,_商品列表 (8).xlsx
MLC2096247058,0,_商品列表 (8).xlsx
MLC2671934392,0,_商品列表 (8).xlsx
MLC2539156212,0,_商品列表 (8).xlsx
MLC1526260601,0,_商品列表 (8).xlsx
MLC1526184859,0,_商品列表 (8).xlsx
MLC1462903525,0,_商品列表 (8).xlsx
MLC2543295710,0,_商品列表 (8).xlsx
MLC1545854917,0,_商品列表 (8).xlsx
MLC1481691879,0,_商品列表 (8).xlsx
MLC2410173188,0,_商品列表 (8).xlsx
MLC1390435867,0,_商品列表 (8).xlsx
MLC2297331454,0,_商品列表 (8).xlsx
MLC1451313161,0,_商品列表 (8).xlsx
MLC2671921222,0,_商品列表 (8).xlsx
MLC1417523611,0,_商品列表 (8).xlsx
MLC2853773962,0,_商品列表 (8).xlsx
MLC1469515689,0,_商品列表 (8).xlsx
MLC2207293830,0,_商品列表 (8).xlsx
MLC1760119278,0,_商品列表 (8).xlsx
MLC1427252373,0,_商品列表 (8).xlsx
MLC1480665161,0,_商品列表 (8).xlsx
MLC2837829516,0,_商品列表 (8).xlsx
MLC1459772723,0,_商品列表 (8).xlsx
MLC1495052685,0,_商品列表 (8).xlsx
MLC1438521689,0,_商品列表 (8).xlsx
MLC1438487471,0,_商品列表 (8).xlsx
MLC1439569117,0,_商品列表 (8).xlsx
MLC1406304447,0,_商品列表 (8).xlsx
MLC2125522466,0,_商品列表 (8).xlsx
MLC1517520545,0,_商品列表 (8).xlsx
MLC1489768261,0,_商品列表 (8).xlsx
MLC2498005714,0,_商品列表 (8).xlsx
MLC966199882,0,_商品列表 (8).xlsx
MLC1426644923,0,_商品列表 (8).xlsx
MLC1485260003,0,_商品列表 (8).xlsx
MLC2737840398,0,_商品列表 (8).xlsx
MLC2439437274,0,_商品列表 (8).xlsx
MLC1461678933,0,_商品列表 (8).xlsx
MLC1461717471,0,_商品列表 (8).xlsx
MLC1491585995,0,_商品列表 (8).xlsx
MLC2797541820,0,_商品列表 (8).xlsx
MLC2772844874,0,_商品列表 (8).xlsx
MLC2809774728,0,_商品列表 (8).xlsx
MLC2353389074,0,_商品列表 (8).xlsx
MLC1482503237,0,_商品列表 (8).xlsx
MLC1497515343,0,_商品列表 (8).xlsx
MLC2385943380,0,_商品列表 (8).xlsx
MLC1506611659,0,_商品列表 (8).xlsx
MLC2410407212,0,_商品列表 (8).xlsx
MLC1557252951,0,_商品列表 (8).xlsx
MLC954195440,0,_商品列表 (8).xlsx
MLC1422465137,0,_商品列表 (8).xlsx
MLC2576163900,0,_商品列表 (8).xlsx
MLC2293903074,0,_商品列表 (8).xlsx
MLC2413409788,0,_商品列表 (8).xlsx
MLC2413665386,0,_商品列表 (8).xlsx
MLC2564172700,0,_商品列表 (8).xlsx
MLC1529515941,0,_商品列表 (8).xlsx
MLC2576175736,0,_商品列表 (9).xlsx
MLC1402451330,0,_商品列表 (9).xlsx
MLC1461743269,0,_商品列表 (9).xlsx
MLC1493248917,0,_商品列表 (9).xlsx
MLC2853327556,0,_商品列表 (9).xlsx
MLC2809702694,0,_商品列表 (9).xlsx
MLC1488877335,0,_商品列表 (9).xlsx
MLC1476534225,0,_商品列表 (9).xlsx
MLC1866147288,0,_商品列表 (9).xlsx
MLC2649286208,0,_商品列表 (9).xlsx
MLC1454868857,0,_商品列表 (9).xlsx
MLC2737890408,0,_商品列表 (9).xlsx
MLC2737865176,0,_商品列表 (9).xlsx
MLC2737628698,0,_商品列表 (9).xlsx
MLC2672734176,0,_商品列表 (9).xlsx
MLC2420716852,0,_商品列表 (9).xlsx
MLC2420626590,0,_商品列表 (9).xlsx
MLC2420678294,0,_商品列表 (9).xlsx
MLC2353363128,0,_商品列表 (9).xlsx
MLC1054222378,0,_商品列表 (9).xlsx
MLC2567143376,0,_商品列表 (9).xlsx
MLC2051397424,0,_商品列表 (9).xlsx
MLC1421003735,0,_商品列表 (9).xlsx
MLC2090503906,0,_商品列表 (9).xlsx
MLC943956055,0,_商品列表 (9).xlsx
MLC1597659371,0,_商品列表 (9).xlsx
MLC1431544657,0,_商品列表 (9).xlsx
MLC2231292242,0,_商品列表 (9).xlsx
MLC534087569,0,_商品列表 (9).xlsx
MLC2221864946,0,_商品列表 (9).xlsx
MLC1682314146,0,_商品列表 (9).xlsx
MLC1682428636,0,_商品列表 (9).xlsx
MLC2376670924,0,_商品列表 (9).xlsx
MLC1560638181,0,_商品列表 (9).xlsx
MLC548631844,0,_商品列表 (9).xlsx
MLC1727876748,0,_商品列表 (9).xlsx
MLC1060636874,0,_商品列表 (9).xlsx
MLC2410238716,0,_商品列表 (9).xlsx
MLC2752507454,0,_商品列表 (9).xlsx
MLC1461717307,0,_商品列表 (9).xlsx
MLC2017288282,0,_商品列表 (9).xlsx
MLC1564360857,0,_商品列表 (9).xlsx
MLC1564421305,0,_商品列表 (9).xlsx
MLC1540503151,0,_商品列表 (9).xlsx
MLC1501130629,0,_商品列表 (9).xlsx
MLC1379497837,0,_商品列表 (9).xlsx
MLC1569186667,0,_商品列表 (9).xlsx
MLC2576099288,0,_商品列表 (9).xlsx
MLC2649311892,0,_商品列表 (9).xlsx
MLC2653646268,0,_商品列表 (9).xlsx
MLC2096169772,0,_商品列表 (9).xlsx
MLC2356948632,0,_商品列表 (9).xlsx
MLC1486859539,0,_商品列表 (9).xlsx
MLC1877031364,0,_商品列表 (9).xlsx
MLC954292083,0,_商品列表 (9).xlsx
MLC1489652457,0,_商品列表 (9).xlsx
MLC950482205,0,_商品列表 (9).xlsx
MLC1560574417,0,_商品列表 (9).xlsx
MLC947974855,0,_商品列表 (9).xlsx
MLC2163358962,0,_商品列表 (9).xlsx
MLC1992016178,0,_商品列表 (9).xlsx
MLC1992033040,0,_商品列表 (9).xlsx
MLC2221710406,0,_商品列表 (9).xlsx
MLC609909463,0,_商品列表 (9).xlsx
MLC1461717421,0,_商品列表 (9).xlsx
MLC2209255258,0,_商品列表 (9).xlsx
MLC534087444,0,_商品列表 (9).xlsx
MLC1508637887,0,_商品列表 (9).xlsx
MLC2432328014,0,_商品列表 (9).xlsx
MLC1475321133,0,_商品列表 (9).xlsx
MLC2670295158,0,_商品列表 (9).xlsx
MLC2396661948,0,_商品列表 (9).xlsx
MLC1473431559,0,_商品列表 (9).xlsx
MLC2775386034,0,_商品列表 (9).xlsx
MLC1423665843,0,_商品列表 (9).xlsx
MLC2270497252,0,_商品列表 (9).xlsx
MLC998520344,0,_商品列表 (9).xlsx
MLC1430448939,0,_商品列表 (9).xlsx
MLC2671916924,0,_商品列表 (9).xlsx
MLC534087487,0,_商品列表 (9).xlsx
MLC2272011686,0,_商品列表 (9).xlsx
MLC2563572998,0,_商品列表 (9).xlsx
MLC1560549941,0,_商品列表 (9).xlsx
MLC1560625553,0,_商品列表 (9).xlsx
MLC1524069847,0,_商品列表 (9).xlsx
MLC1524108297,0,_商品列表 (9).xlsx
MLC1456928175,0,_商品列表 (9).xlsx
MLC1526209983,0,_商品列表 (9).xlsx
MLC1538993231,0,_商品列表 (9).xlsx
MLC1494156167,0,_商品列表 (9).xlsx
MLC1448199601,0,_商品列表 (9).xlsx
MLC2700840612,0,_商品列表 (9).xlsx
MLC2820683712,0,_商品列表 (9).xlsx
MLC1569212481,0,_商品列表 (9).xlsx
MLC2083607648,0,_商品列表 (9).xlsx
MLC977820162,0,_商品列表 (9).xlsx
MLC1482167843,0,_商品列表 (9).xlsx
MLC1538979317,0,_商品列表 (9).xlsx
MLC1574618737,0,_商品列表 (9).xlsx
MLC1571861865,0,_商品列表 (9).xlsx
MLC2033150368,0,_商品列表 (9).xlsx
MLC1464427819,0,_商品列表 (9).xlsx
MLC1427309253,0,_商品列表 (9).xlsx
MLC1462868641,0,_商品列表 (9).xlsx
MLC1241672848,0,_商品列表 (9).xlsx
MLC968631069,0,_商品列表 (9).xlsx
MLC2058103490,0,_商品列表 (9).xlsx
MLC2823798212,0,_商品列表 (9).xlsx
MLC1571373051,0,_商品列表 (9).xlsx
MLC1490044607,0,_商品列表 (9).xlsx
MLC1508676407,0,_商品列表 (9).xlsx
MLC2219119990,0,_商品列表 (9).xlsx
MLC1423634607,0,_商品列表 (9).xlsx
MLC2639497670,0,_商品列表 (9).xlsx
MLC2027265246,0,_商品列表 (9).xlsx
MLC2027218558,0,_商品列表 (9).xlsx
MLC1456377817,0,_商品列表 (9).xlsx
MLC1575212397,0,_商品列表 (9).xlsx
MLC2840677664,0,_商品列表 (9).xlsx
MLC2470520512,0,_商品列表 (9).xlsx
MLC2473297644,0,_商品列表 (9).xlsx
MLC1475343091,0,_商品列表 (9).xlsx
MLC1963504184,0,_商品列表 (9).xlsx
MLC2364962688,0,_商品列表 (9).xlsx
MLC1886677452,0,_商品列表 (9).xlsx
MLC1459747001,0,_商品列表 (9).xlsx
MLC1467594421,0,_商品列表 (9).xlsx
MLC2271990328,0,_商品列表 (9).xlsx
MLC2367402814,0,_商品列表 (9).xlsx
MLC2903574248,190,_商品列表.xlsx
MLC1634249181,256,_商品列表.xlsx
MLC2919282058,65,_商品列表.xlsx
MLC2878488520,73,_商品列表.xlsx
MLC1611491093,111,_商品列表.xlsx
MLC3423187246,0,_商品列表.xlsx
MLC1492785307,64,_商品列表.xlsx
MLC2879119274,34,_商品列表.xlsx
MLC916929658,0,_商品列表.xlsx
MLC2918933814,87,_商品列表.xlsx
MLC2840431022,8,_商品列表.xlsx
MLC3092078824,6,_商品列表.xlsx
MLC2903674728,12,_商品列表.xlsx
MLC1476749737,71,_商品列表.xlsx
MLC528304185,0,_商品列表.xlsx
MLC1533785343,23,_商品列表.xlsx
MLC621108239,0,_商品列表.xlsx
MLC1532806701,9,_商品列表.xlsx
MLC1612745867,4,_商品列表.xlsx
MLC1387231795,68,_商品列表.xlsx
MLC1623678005,4,_商品列表.xlsx
MLC939839833,0,_商品列表.xlsx
MLC2898615084,4,_商品列表.xlsx
MLC640425292,0,_商品列表.xlsx
MLC2851470014,26,_商品列表.xlsx
MLC1630887135,1,_商品列表.xlsx
MLC3199369730,6,_商品列表.xlsx
MLC960923203,0,_商品列表.xlsx
MLC1795854571,0,_商品列表.xlsx
MLC1683655007,6,_商品列表.xlsx
MLC1777316827,0,_商品列表.xlsx
MLC1785463497,0,_商品列表.xlsx
MLC951828924,6,_商品列表.xlsx
MLC3108236310,15,_商品列表.xlsx
MLC1643525493,19,_商品列表.xlsx
MLC3252076920,15,_商品列表.xlsx
MLC1751855637,12,_商品列表.xlsx
MLC2498016780,2,_商品列表.xlsx
MLC1765422254,12,_商品列表.xlsx
MLC1656179099,3,_商品列表.xlsx
MLC1671243071,5,_商品列表.xlsx
MLC1758590325,1,_商品列表.xlsx
MLC3360296700,2,_商品列表.xlsx
MLC1694583727,3,_商品列表.xlsx
MLC2788160022,3,_商品列表.xlsx
MLC1694481219,3,_商品列表.xlsx
MLC1233094596,4,_商品列表.xlsx
MLC3042161600,8,_商品列表.xlsx
MLC1716342058,0,_商品列表.xlsx
MLC1626066753,0,_商品列表.xlsx
MLC1702919441,5,_商品列表.xlsx
MLC1728390295,0,_商品列表.xlsx
MLC3108236402,15,_商品列表.xlsx
MLC1041602361,0,_商品列表.xlsx
MLC560996356,0,_商品列表.xlsx
MLC2930147222,2,_商品列表.xlsx
MLC2498031626,8,_商品列表.xlsx
MLC1532829193,25,_商品列表.xlsx
MLC1656191879,1,_商品列表.xlsx
MLC3152765376,5,_商品列表.xlsx
MLC1791561403,0,_商品列表.xlsx
MLC1397450135,4,_商品列表.xlsx
MLC2848333970,0,_商品列表.xlsx
MLC3179228076,9,_商品列表.xlsx
MLC3152932810,0,_商品列表.xlsx
MLC3442727142,0,_商品列表.xlsx
MLC2861064194,5,_商品列表.xlsx
MLC1439018769,0,_商品列表.xlsx
MLC983856394,0,_商品列表.xlsx
MLC2917695876,1,_商品列表.xlsx
MLC1469176969,10,_商品列表.xlsx
MLC1471456507,0,_商品列表.xlsx
MLC3470544578,0,_商品列表.xlsx
MLC955795275,0,_商品列表.xlsx
MLC540003552,0,_商品列表.xlsx
MLC3177984412,0,_商品列表.xlsx
MLC2131909028,0,_商品列表.xlsx
MLC1473027773,0,_商品列表.xlsx
MLC969688928,0,_商品列表.xlsx
MLC1628919695,0,_商品列表.xlsx
MLC1754374655,0,_商品列表.xlsx
MLC1771842883,0,_商品列表.xlsx
MLC1630436537,0,_商品列表.xlsx
MLC1702842489,0,_商品列表.xlsx
MLC2879317726,3,_商品列表.xlsx
MLC1586645103,0,_商品列表.xlsx
MLC1370218685,0,_商品列表.xlsx
MLC1408622547,0,_商品列表.xlsx
MLC1406258485,0,_商品列表.xlsx
MLC2506058238,0,_商品列表.xlsx
MLC2748042774,0,_商品列表.xlsx
MLC1407285707,1,_商品列表.xlsx
MLC3199407894,13,_商品列表.xlsx
MLC1376849347,1,_商品列表.xlsx
MLC1713747233,2,_商品列表.xlsx
MLC3423239688,0,_商品列表.xlsx
MLC2436609804,0,_商品列表.xlsx
MLC638298831,0,_商品列表.xlsx
MLC2633572344,0,_商品列表.xlsx
MLC1630436981,0,_商品列表.xlsx
MLC1702839019,1,_商品列表.xlsx
MLC1768395682,10,_商品列表.xlsx
MLC3169865074,1,_商品列表.xlsx
MLC1743895671,4,_商品列表.xlsx
MLC3199681604,8,_商品列表.xlsx
MLC1048145272,0,_商品列表.xlsx
MLC2837500632,0,_商品列表.xlsx
MLC2411577100,0,_商品列表.xlsx
MLC1458343515,0,_商品列表.xlsx
MLC1410258811,0,_商品列表.xlsx
MLC1438954709,0,_商品列表.xlsx
MLC1341965032,0,_商品列表.xlsx
MLC2563554568,0,_商品列表.xlsx
MLC1716151751,10,_商品列表.xlsx
MLC1325682415,0,_商品列表.xlsx
MLC1623514169,0,_商品列表.xlsx
MLC2873588092,0,_商品列表.xlsx
MLC1357042917,0,_商品列表.xlsx
MLC2538049246,0,_商品列表.xlsx
MLC2048550850,0,_商品列表.xlsx
MLC961037062,0,_商品列表.xlsx
MLC1619359987,10,_商品列表.xlsx
MLC3208555762,6,_商品列表.xlsx
MLC3208008830,3,_商品列表.xlsx
MLC2931383706,0,_商品列表.xlsx
MLC2873523036,0,_商品列表.xlsx
MLC3198423542,1,_商品列表.xlsx
MLC1476489435,2,_商品列表.xlsx
MLC979175177,0,_商品列表.xlsx
MLC1411242157,0,_商品列表.xlsx
MLC3172404832,1,_商品列表.xlsx
MLC2123442470,19,_商品列表.xlsx
MLC3330716640,7,_商品列表.xlsx
MLC1473079461,0,_商品列表.xlsx
MLC2891164704,0,_商品列表.xlsx
MLC1711608297,2,_商品列表.xlsx
MLC3043321202,0,_商品列表.xlsx
MLC1370009257,5,_商品列表.xlsx
MLC3043333806,2,_商品列表.xlsx
MLC1867170476,3,_商品列表.xlsx
MLC1572045141,0,_商品列表.xlsx
MLC2863224378,2,_商品列表.xlsx
MLC2725070248,6,_商品列表.xlsx
MLC2765053446,1,_商品列表.xlsx
MLC2902912046,0,_商品列表.xlsx
MLC2788055984,0,_商品列表.xlsx
MLC2764971366,0,_商品列表.xlsx
MLC2928836454,0,_商品列表.xlsx
MLC2468635870,0,_商品列表.xlsx
MLC2411473534,0,_商品列表.xlsx
MLC1466566211,0,_商品列表.xlsx
MLC1586878263,0,_商品列表.xlsx
MLC2888589606,3,_商品列表.xlsx
MLC1694572869,0,_商品列表.xlsx
MLC3042174742,0,_商品列表.xlsx
MLC1624351867,4,_商品列表.xlsx
MLC2789705854,6,_商品列表.xlsx
MLC3003857400,4,_商品列表.xlsx
MLC2781241634,6,_商品列表.xlsx
MLC3198358904,3,_商品列表.xlsx
MLC1437348053,0,_商品列表.xlsx
MLC2851573582,0,_商品列表.xlsx
MLC2855999178,1,_商品列表.xlsx
MLC2856179660,0,_商品列表.xlsx
MLC638297749,0,_商品列表.xlsx
MLC1482685443,0,_商品列表.xlsx
MLC1489692981,0,_商品列表.xlsx
MLC3152224030,0,_商品列表.xlsx
MLC1641557589,3,_商品列表.xlsx
MLC2498044922,1,_商品列表.xlsx
MLC2865377412,6,_商品列表.xlsx
MLC1641622591,0,_商品列表.xlsx
MLC2895957012,0,_商品列表.xlsx
MLC2048656550,7,_商品列表.xlsx
MLC2273515746,0,_商品列表.xlsx
MLC1533107065,0,_商品列表.xlsx
MLC2347975044,0,_商品列表.xlsx
MLC2749442990,0,_商品列表.xlsx
MLC2873431874,0,_商品列表.xlsx
MLC1579089385,0,_商品列表.xlsx
MLC2879447578,0,_商品列表.xlsx
MLC1492379357,0,_商品列表.xlsx
MLC2411435358,0,_商品列表.xlsx
MLC2460972234,0,_商品列表.xlsx
MLC1409061119,0,_商品列表.xlsx
MLC2341507810,0,_商品列表.xlsx
MLC1610959813,0,_商品列表.xlsx
MLC1540006963,0,_商品列表.xlsx
MLC1427310765,0,_商品列表.xlsx
MLC1393591951,0,_商品列表.xlsx
MLC1393593165,0,_商品列表.xlsx
MLC2273900898,0,_商品列表.xlsx
MLC1572482957,0,_商品列表.xlsx
MLC2888795842,3,_商品列表.xlsx
MLC1390096393,0,_商品列表.xlsx
MLC2873522110,0,_商品列表.xlsx
MLC1399349965,0,_商品列表.xlsx
MLC961134672,0,_商品列表.xlsx
MLC3156521254,0,_商品列表.xlsx
MLC1806612539,0,_商品列表.xlsx
